-225,-225
-224,-2
-224,224
-223,-4
-223,-2
-223,223
-223,224
-222,-6
-222,222
-221,-8
-221,221
-220,-10
-220,220
-219,-12
-219,219
-218,-14
-218,218
-217,-16
-217,217
-216,-18
-216,216
-215,-20
-215,215
-214,-22
-214,214
-213,-24
-213,213
-212,-26
-212,212
-211,-28
-211,211
-210,-30
-210,210
-209,-32
-209,209
-208,-34
-208,208
-207,-36
-207,207
-206,-38
-206,206
-205,-40
-205,205
-204,-42
-204,204
-203,-44
-203,203
-202,-46
-202,202
-201,-48
-201,201
-200,-50
-200,200
-199,-52
-199,199
-198,-54
-198,198
-197,-56
-197,197
-196,-58
-196,196
-195,-60
-195,195
-194,-62
-194,194
-193,-64
-193,193
-192,-66
-192,192
-191,-68
-191,191
-190,-70
-190,190
-189,-72
-189,189
-188,-74
-188,188
-187,-76
-187,187
-186,-78
-186,186
-185,-80
-185,185
-184,-82
-184,184
-183,-84
-183,183
-182,-86
-182,182
-181,-88
-181,181
-180,-90
-180,180
-179,-92
-179,179
-178,-94
-178,178
-177,-96
-177,177
-176,-98
-176,176
-175,-100
-175,175
-174,-102
-174,174
-173,-104
-173,173
-172,-106
-172,172
-171,-108
-171,171
-170,-110
-170,170
-169,-112
-169,169
-168,-114
-168,168
-167,-116
-167,167
-166,-118
-166,166
-165,-120
-165,165
-164,-122
-164,164
-163,-124
-163,163
-162,-126
-162,162
-161,-128
-161,161
-160,-130
-160,160
-159,-132
-159,159
-158,-134
-158,158
-157,-136
-157,157
-156,-138
-156,156
-155,-140
-155,155
-154,-142
-154,154
-153,-144
-153,153
-152,-146
-152,152
-151,-148
-151,151
-150,-150
-150,150
-149,-152
-149,149
-148,-154
-148,148
-147,-156
-147,147
-146,-158
-146,146
-145,-160
-145,145
-144,-162
-144,144
-143,-164
-143,143
-142,-166
-142,142
-141,-168
-141,141
-140,-170
-140,140
-139,-172
-139,139
-138,-174
-138,138
-137,-176
-137,137
-136,-178
-136,136
-135,-180
-135,135
-134,-182
-134,134
-133,-184
-133,133
-132,-186
-132,132
-131,-188
-131,131
-130,-190
-130,130
-129,-192
-129,129
-128,-194
-128,128
-127,-196
-127,127
-126,-198
-126,126
-125,-200
-125,125
-124,-202
-124,124
-123,-204
-123,123
-122,-206
-122,122
-121,-208
-121,121
-120,-210
-120,120
-119,-212
-119,119
-118,-214
-118,118
-117,-216
-117,117
-116,-218
-116,116
-115,-220
-115,115
-114,-222
-114,114
-113,-224
-113,113
-112,224
-111,222
-110,220
-109,218
-108,216
-107,214
-106,212
-105,210
-104,208
-103,206
-102,204
-101,202
-100,200
-99,198
-98,196
-97,194
-96,192
-95,190
-94,188
-93,186
-92,184
-91,182
-90,180
-89,178
-88,176
-87,174
-86,172
-85,170
-84,168
-83,166
-82,164
-81,162
-80,160
-79,158
-78,156
-77,154
-76,152
-74,-154
-73,-158
-72,-162
-71,-166
-70,-170
-69,-174
-68,-178
-67,-182
-66,-186
-65,-190
-64,-194
-63,-198
-62,-202
-61,-206
-60,-210
-59,-214
-58,-218
-57,-222
-56,224
-55,220
-54,216
-53,212
-52,208
-51,204
-50,200
-49,196
-48,192
-47,188
-46,184
-37,-191
-36,-198
-35,-205
-34,-212
-33,-219
-32,-194
-32,224
-31,-202
-31,217
-30,-210
-30,210
-29,-218
-29,203
-28,224
-27,216
-26,208
-25,-200
-25,-175
-25,-125
-25,-100
-25,-50
-25,-25
-25,25
-25,50
-25,100
-25,125
-25,175
-25,200
-22,-208
-21,-219
-20,220
-19,209
-18,-216
-17,-212
-17,221
-16,224
-14,-212
-14,224
-13,221
-12,-222
-10,-220
-10,220
-9,-216
-9,-207
-9,-198
-9,-189
-9,-171
-9,-162
-9,-153
-9,-144
-9,-126
-9,-117
-9,-108
-9,-99
-9,-81
-9,-72
-9,-63
-9,-54
-9,-36
-9,-27
-9,-18
-9,-9
-9,9
-9,18
-9,27
-9,36
-9,54
-9,63
-9,72
-9,81
-9,99
-9,108
-9,117
-9,126
-9,144
-9,153
-9,162
-9,171
-9,189
-9,198
-9,207
-9,216
-8,-218
-8,224
-7,224
-6,-222
-6,222
-4,224
-2,-224
-2,224
-1,-224
-1,-223
-1,-221
-1,-218
-1,-217
-1,-214
-1,-212
-1,-211
-1,-209
-1,-208
-1,-206
-1,-203
-1,-202
-1,-199
-1,-197
-1,-196
-1,-194
-1,-193
-1,-191
-1,-188
-1,-187
-1,-184
-1,-182
-1,-181
-1,-179
-1,-178
-1,-176
-1,-173
-1,-172
-1,-169
-1,-167
-1,-166
-1,-164
-1,-163
-1,-161
-1,-158
-1,-157
-1,-154
-1,-152
-1,-151
-1,-149
-1,-148
-1,-146
-1,-143
-1,-142
-1,-139
-1,-137
-1,-136
-1,-134
-1,-133
-1,-131
-1,-128
-1,-127
-1,-124
-1,-122
-1,-121
-1,-119
-1,-118
-1,-116
-1,-113
-1,-112
-1,-109
-1,-107
-1,-106
-1,-104
-1,-103
-1,-101
-1,-98
-1,-97
-1,-94
-1,-92
-1,-91
-1,-89
-1,-88
-1,-86
-1,-83
-1,-82
-1,-79
-1,-77
-1,-76
-1,-74
-1,-73
-1,-71
-1,-68
-1,-67
-1,-64
-1,-62
-1,-61
-1,-59
-1,-58
-1,-56
-1,-53
-1,-52
-1,-49
-1,-47
-1,-46
-1,-44
-1,-43
-1,-41
-1,-38
-1,-37
-1,-34
-1,-32
-1,-31
-1,-29
-1,-28
-1,-26
-1,-23
-1,-22
-1,-19
-1,-17
-1,-16
-1,-14
-1,-13
-1,-11
-1,-8
-1,-7
-1,-4
-1,-2
-1,-1
-1,1
-1,2
-1,4
-1,7
-1,8
-1,11
-1,13
-1,14
-1,16
-1,17
-1,19
-1,22
-1,23
-1,26
-1,28
-1,29
-1,31
-1,32
-1,34
-1,37
-1,38
-1,41
-1,43
-1,44
-1,46
-1,47
-1,49
-1,52
-1,53
-1,56
-1,58
-1,59
-1,61
-1,62
-1,64
-1,67
-1,68
-1,71
-1,73
-1,74
-1,76
-1,77
-1,79
-1,82
-1,83
-1,86
-1,88
-1,89
-1,91
-1,92
-1,94
-1,97
-1,98
-1,101
-1,103
-1,104
-1,106
-1,107
-1,109
-1,112
-1,113
-1,116
-1,118
-1,119
-1,121
-1,122
-1,124
-1,127
-1,128
-1,131
-1,133
-1,134
-1,136
-1,137
-1,139
-1,142
-1,143
-1,146
-1,148
-1,149
-1,151
-1,152
-1,154
-1,157
-1,158
-1,161
-1,163
-1,164
-1,166
-1,167
-1,169
-1,172
-1,173
-1,176
-1,178
-1,179
-1,181
-1,182
-1,184
-1,187
-1,188
-1,191
-1,193
-1,194
-1,196
-1,197
-1,199
-1,202
-1,203
-1,206
-1,208
-1,209
-1,211
-1,212
-1,214
-1,217
-1,218
-1,221
-1,223
-1,224
1,-224
1,-223
1,-221
1,-218
1,-217
1,-214
1,-212
1,-211
1,-209
1,-208
1,-206
1,-203
1,-202
1,-199
1,-197
1,-196
1,-194
1,-193
1,-191
1,-188
1,-187
1,-184
1,-182
1,-181
1,-179
1,-178
1,-176
1,-173
1,-172
1,-169
1,-167
1,-166
1,-164
1,-163
1,-161
1,-158
1,-157
1,-154
1,-152
1,-151
1,-149
1,-148
1,-146
1,-143
1,-142
1,-139
1,-137
1,-136
1,-134
1,-133
1,-131
1,-128
1,-127
1,-124
1,-122
1,-121
1,-119
1,-118
1,-116
1,-113
1,-112
1,-109
1,-107
1,-106
1,-104
1,-103
1,-101
1,-98
1,-97
1,-94
1,-92
1,-91
1,-89
1,-88
1,-86
1,-83
1,-82
1,-79
1,-77
1,-76
1,-74
1,-73
1,-71
1,-68
1,-67
1,-64
1,-62
1,-61
1,-59
1,-58
1,-56
1,-53
1,-52
1,-49
1,-47
1,-46
1,-44
1,-43
1,-41
1,-38
1,-37
1,-34
1,-32
1,-31
1,-29
1,-28
1,-26
1,-23
1,-22
1,-19
1,-17
1,-16
1,-14
1,-13
1,-11
1,-8
1,-7
1,-4
1,-2
1,-1
1,1
1,2
1,4
1,7
1,8
1,11
1,13
1,14
1,16
1,17
1,19
1,22
1,23
1,26
1,28
1,29
1,31
1,32
1,34
1,37
1,38
1,41
1,43
1,44
1,46
1,47
1,49
1,52
1,53
1,56
1,58
1,59
1,61
1,62
1,64
1,67
1,68
1,71
1,73
1,74
1,76
1,77
1,79
1,82
1,83
1,86
1,88
1,89
1,91
1,92
1,94
1,97
1,98
1,101
1,103
1,104
1,106
1,107
1,109
1,112
1,113
1,116
1,118
1,119
1,121
1,122
1,124
1,127
1,128
1,131
1,133
1,134
1,136
1,137
1,139
1,142
1,143
1,146
1,148
1,149
1,151
1,152
1,154
1,157
1,158
1,161
1,163
1,164
1,166
1,167
1,169
1,172
1,173
1,176
1,178
1,179
1,181
1,182
1,184
1,187
1,188
1,191
1,193
1,194
1,196
1,197
1,199
1,202
1,203
1,206
1,208
1,209
1,211
1,212
1,214
1,217
1,218
1,221
1,223
1,224
2,-1
2,1
3,-224
3,-223
3,-221
3,-218
3,-217
3,-214
3,-212
3,-211
3,-209
3,-208
3,-206
3,-203
3,-202
3,-199
3,-197
3,-196
3,-194
3,-193
3,-191
3,-188
3,-187
3,-184
3,-182
3,-181
3,-179
3,-178
3,-176
3,-173
3,-172
3,-169
3,-167
3,-166
3,-164
3,-163
3,-161
3,-158
3,-157
3,-154
3,-152
3,-151
3,-149
3,-148
3,-146
3,-143
3,-142
3,-139
3,-137
3,-136
3,-134
3,-133
3,-131
3,-128
3,-127
3,-124
3,-122
3,-121
3,-119
3,-118
3,-116
3,-113
3,-112
3,-109
3,-107
3,-106
3,-104
3,-103
3,-101
3,-98
3,-97
3,-94
3,-92
3,-91
3,-89
3,-88
3,-86
3,-83
3,-82
3,-79
3,-77
3,-76
3,-74
3,-73
3,-71
3,-68
3,-67
3,-64
3,-62
3,-61
3,-59
3,-58
3,-56
3,-53
3,-52
3,-49
3,-47
3,-46
3,-44
3,-43
3,-41
3,-38
3,-37
3,-34
3,-32
3,-31
3,-29
3,-28
3,-26
3,-23
3,-22
3,-19
3,-17
3,-16
3,-14
3,-13
3,-11
3,-8
3,-7
3,-4
3,-2
3,-1
3,1
3,2
3,4
3,7
3,8
3,11
3,13
3,14
3,16
3,17
3,19
3,22
3,23
3,26
3,28
3,29
3,31
3,32
3,34
3,37
3,38
3,41
3,43
3,44
3,46
3,47
3,49
3,52
3,53
3,56
3,58
3,59
3,61
3,62
3,64
3,67
3,68
3,71
3,73
3,74
3,76
3,77
3,79
3,82
3,83
3,86
3,88
3,89
3,91
3,92
3,94
3,97
3,98
3,101
3,103
3,104
3,106
3,107
3,109
3,112
3,113
3,116
3,118
3,119
3,121
3,122
3,124
3,127
3,128
3,131
3,133
3,134
3,136
3,137
3,139
3,142
3,143
3,146
3,148
3,149
3,151
3,152
3,154
3,157
3,158
3,161
3,163
3,164
3,166
3,167
3,169
3,172
3,173
3,176
3,178
3,179
3,181
3,182
3,184
3,187
3,188
3,191
3,193
3,194
3,196
3,197
3,199
3,202
3,203
3,206
3,208
3,209
3,211
3,212
3,214
3,217
3,218
3,221
3,223
3,224
4,-1
5,-224
5,-223
5,-221
5,-218
5,-217
5,-214
5,-212
5,-211
5,-209
5,-208
5,-206
5,-203
5,-202
5,-199
5,-197
5,-196
5,-194
5,-193
5,-191
5,-188
5,-187
5,-184
5,-182
5,-181
5,-179
5,-178
5,-176
5,-173
5,-172
5,-169
5,-167
5,-166
5,-164
5,-163
5,-161
5,-158
5,-157
5,-154
5,-152
5,-151
5,-149
5,-148
5,-146
5,-143
5,-142
5,-139
5,-137
5,-136
5,-134
5,-133
5,-131
5,-128
5,-127
5,-124
5,-122
5,-121
5,-119
5,-118
5,-116
5,-113
5,-112
5,-109
5,-107
5,-106
5,-104
5,-103
5,-101
5,-98
5,-97
5,-94
5,-92
5,-91
5,-89
5,-88
5,-86
5,-83
5,-82
5,-79
5,-77
5,-76
5,-74
5,-73
5,-71
5,-68
5,-67
5,-64
5,-62
5,-61
5,-59
5,-58
5,-56
5,-53
5,-52
5,-49
5,-47
5,-46
5,-44
5,-43
5,-41
5,-38
5,-37
5,-34
5,-32
5,-31
5,-29
5,-28
5,-26
5,-23
5,-22
5,-19
5,-17
5,-16
5,-14
5,-13
5,-11
5,-8
5,-7
5,-4
5,-2
5,-1
5,1
5,2
5,4
5,7
5,8
5,11
5,13
5,14
5,16
5,17
5,19
5,22
5,23
5,26
5,28
5,29
5,31
5,32
5,34
5,37
5,38
5,41
5,43
5,44
5,46
5,47
5,49
5,52
5,53
5,56
5,58
5,59
5,61
5,62
5,64
5,67
5,68
5,71
5,73
5,74
5,76
5,77
5,79
5,82
5,83
5,86
5,88
5,89
5,91
5,92
5,94
5,97
5,98
5,101
5,103
5,104
5,106
5,107
5,109
5,112
5,113
5,116
5,118
5,119
5,121
5,122
5,124
5,127
5,128
5,131
5,133
5,134
5,136
5,137
5,139
5,142
5,143
5,146
5,148
5,149
5,151
5,152
5,154
5,157
5,158
5,161
5,163
5,164
5,166
5,167
5,169
5,172
5,173
5,176
5,178
5,179
5,181
5,182
5,184
5,187
5,188
5,191
5,193
5,194
5,196
5,197
5,199
5,202
5,203
5,206
5,208
5,209
5,211
5,212
5,214
5,217
5,218
5,221
5,223
5,224
6,-3
6,3
7,-1
8,-1
8,7
9,-224
9,-223
9,-222
9,-221
9,-219
9,-218
9,-217
9,-216
9,-214
9,-213
9,-212
9,-211
9,-209
9,-208
9,-207
9,-206
9,-204
9,-203
9,-202
9,-201
9,-199
9,-198
9,-197
9,-196
9,-194
9,-193
9,-192
9,-191
9,-189
9,-188
9,-187
9,-186
9,-184
9,-183
9,-182
9,-181
9,-179
9,-178
9,-177
9,-176
9,-174
9,-173
9,-172
9,-171
9,-169
9,-168
9,-167
9,-166
9,-164
9,-163
9,-162
9,-161
9,-159
9,-158
9,-157
9,-156
9,-154
9,-153
9,-152
9,-151
9,-149
9,-148
9,-147
9,-146
9,-144
9,-143
9,-142
9,-141
9,-139
9,-138
9,-137
9,-136
9,-134
9,-133
9,-132
9,-131
9,-129
9,-128
9,-127
9,-126
9,-124
9,-123
9,-122
9,-121
9,-119
9,-118
9,-117
9,-116
9,-114
9,-113
9,-112
9,-111
9,-109
9,-108
9,-107
9,-106
9,-104
9,-103
9,-102
9,-101
9,-99
9,-98
9,-97
9,-96
9,-94
9,-93
9,-92
9,-91
9,-89
9,-88
9,-87
9,-86
9,-84
9,-83
9,-82
9,-81
9,-79
9,-78
9,-77
9,-76
9,-74
9,-73
9,-72
9,-71
9,-69
9,-68
9,-67
9,-66
9,-64
9,-63
9,-62
9,-61
9,-59
9,-58
9,-57
9,-56
9,-54
9,-53
9,-52
9,-51
9,-49
9,-48
9,-47
9,-46
9,-44
9,-43
9,-42
9,-41
9,-39
9,-38
9,-37
9,-36
9,-34
9,-33
9,-32
9,-31
9,-29
9,-28
9,-27
9,-26
9,-24
9,-23
9,-22
9,-21
9,-19
9,-18
9,-17
9,-16
9,-14
9,-13
9,-12
9,-11
9,-9
9,-8
9,-7
9,-6
9,-4
9,-3
9,-2
9,-1
9,1
9,2
9,3
9,4
9,6
9,7
9,8
9,9
9,11
9,12
9,13
9,14
9,16
9,17
9,18
9,19
9,21
9,22
9,23
9,24
9,26
9,27
9,28
9,29
9,31
9,32
9,33
9,34
9,36
9,37
9,38
9,39
9,41
9,42
9,43
9,44
9,46
9,47
9,48
9,49
9,51
9,52
9,53
9,54
9,56
9,57
9,58
9,59
9,61
9,62
9,63
9,64
9,66
9,67
9,68
9,69
9,71
9,72
9,73
9,74
9,76
9,77
9,78
9,79
9,81
9,82
9,83
9,84
9,86
9,87
9,88
9,89
9,91
9,92
9,93
9,94
9,96
9,97
9,98
9,99
9,101
9,102
9,103
9,104
9,106
9,107
9,108
9,109
9,111
9,112
9,113
9,114
9,116
9,117
9,118
9,119
9,121
9,122
9,123
9,124
9,126
9,127
9,128
9,129
9,131
9,132
9,133
9,134
9,136
9,137
9,138
9,139
9,141
9,142
9,143
9,144
9,146
9,147
9,148
9,149
9,151
9,152
9,153
9,154
9,156
9,157
9,158
9,159
9,161
9,162
9,163
9,164
9,166
9,167
9,168
9,169
9,171
9,172
9,173
9,174
9,176
9,177
9,178
9,179
9,181
9,182
9,183
9,184
9,186
9,187
9,188
9,189
9,191
9,192
9,193
9,194
9,196
9,197
9,198
9,199
9,201
9,202
9,203
9,204
9,206
9,207
9,208
9,209
9,211
9,212
9,213
9,214
9,216
9,217
9,218
9,219
9,221
9,222
9,223
9,224
10,-5
10,5
12,3
13,-4
14,-1
14,13
15,-224
15,-223
15,-221
15,-218
15,-217
15,-214
15,-212
15,-211
15,-209
15,-208
15,-206
15,-203
15,-202
15,-199
15,-197
15,-196
15,-194
15,-193
15,-191
15,-188
15,-187
15,-184
15,-182
15,-181
15,-179
15,-178
15,-176
15,-173
15,-172
15,-169
15,-167
15,-166
15,-164
15,-163
15,-161
15,-158
15,-157
15,-154
15,-152
15,-151
15,-149
15,-148
15,-146
15,-143
15,-142
15,-139
15,-137
15,-136
15,-134
15,-133
15,-131
15,-128
15,-127
15,-124
15,-122
15,-121
15,-119
15,-118
15,-116
15,-113
15,-112
15,-109
15,-107
15,-106
15,-104
15,-103
15,-101
15,-98
15,-97
15,-94
15,-92
15,-91
15,-89
15,-88
15,-86
15,-83
15,-82
15,-79
15,-77
15,-76
15,-74
15,-73
15,-71
15,-68
15,-67
15,-64
15,-62
15,-61
15,-59
15,-58
15,-56
15,-53
15,-52
15,-49
15,-47
15,-46
15,-44
15,-43
15,-41
15,-38
15,-37
15,-34
15,-32
15,-31
15,-29
15,-28
15,-26
15,-23
15,-22
15,-19
15,-17
15,-16
15,-14
15,-13
15,-11
15,-8
15,-7
15,-4
15,-2
15,-1
15,1
15,2
15,4
15,7
15,8
15,11
15,13
15,14
15,16
15,17
15,19
15,22
15,23
15,26
15,28
15,29
15,31
15,32
15,34
15,37
15,38
15,41
15,43
15,44
15,46
15,47
15,49
15,52
15,53
15,56
15,58
15,59
15,61
15,62
15,64
15,67
15,68
15,71
15,73
15,74
15,76
15,77
15,79
15,82
15,83
15,86
15,88
15,89
15,91
15,92
15,94
15,97
15,98
15,101
15,103
15,104
15,106
15,107
15,109
15,112
15,113
15,116
15,118
15,119
15,121
15,122
15,124
15,127
15,128
15,131
15,133
15,134
15,136
15,137
15,139
15,142
15,143
15,146
15,148
15,149
15,151
15,152
15,154
15,157
15,158
15,161
15,163
15,164
15,166
15,167
15,169
15,172
15,173
15,176
15,178
15,179
15,181
15,182
15,184
15,187
15,188
15,191
15,193
15,194
15,196
15,197
15,199
15,202
15,203
15,206
15,208
15,209
15,211
15,212
15,214
15,217
15,218
15,221
15,223
15,224
16,-1
17,-4
17,13
18,9
19,-16
20,-5
21,6
22,17
25,-224
25,-223
25,-221
25,-220
25,-218
25,-217
25,-215
25,-214
25,-212
25,-211
25,-209
25,-208
25,-206
25,-205
25,-203
25,-202
25,-200
25,-199
25,-197
25,-196
25,-194
25,-193
25,-191
25,-190
25,-188
25,-187
25,-185
25,-184
25,-182
25,-181
25,-179
25,-178
25,-176
25,-175
25,-173
25,-172
25,-170
25,-169
25,-167
25,-166
25,-164
25,-163
25,-161
25,-160
25,-158
25,-157
25,-155
25,-154
25,-152
25,-151
25,-149
25,-148
25,-146
25,-145
25,-143
25,-142
25,-140
25,-139
25,-137
25,-136
25,-134
25,-133
25,-131
25,-130
25,-128
25,-127
25,-125
25,-124
25,-122
25,-121
25,-119
25,-118
25,-116
25,-115
25,-113
25,-112
25,-110
25,-109
25,-107
25,-106
25,-104
25,-103
25,-101
25,-100
25,-98
25,-97
25,-95
25,-94
25,-92
25,-91
25,-89
25,-88
25,-86
25,-85
25,-83
25,-82
25,-80
25,-79
25,-77
25,-76
25,-74
25,-73
25,-71
25,-70
25,-68
25,-67
25,-65
25,-64
25,-62
25,-61
25,-59
25,-58
25,-56
25,-55
25,-53
25,-52
25,-50
25,-49
25,-47
25,-46
25,-44
25,-43
25,-41
25,-40
25,-38
25,-37
25,-35
25,-34
25,-32
25,-31
25,-29
25,-28
25,-26
25,-25
25,-23
25,-22
25,-20
25,-19
25,-17
25,-16
25,-14
25,-13
25,-11
25,-10
25,-8
25,-7
25,-5
25,-4
25,-2
25,-1
25,1
25,2
25,4
25,5
25,7
25,8
25,10
25,11
25,13
25,14
25,16
25,17
25,19
25,20
25,22
25,23
25,25
25,26
25,28
25,29
25,31
25,32
25,34
25,35
25,37
25,38
25,40
25,41
25,43
25,44
25,46
25,47
25,49
25,50
25,52
25,53
25,55
25,56
25,58
25,59
25,61
25,62
25,64
25,65
25,67
25,68
25,70
25,71
25,73
25,74
25,76
25,77
25,79
25,80
25,82
25,83
25,85
25,86
25,88
25,89
25,91
25,92
25,94
25,95
25,97
25,98
25,100
25,101
25,103
25,104
25,106
25,107
25,109
25,110
25,112
25,113
25,115
25,116
25,118
25,119
25,121
25,122
25,124
25,125
25,127
25,128
25,130
25,131
25,133
25,134
25,136
25,137
25,139
25,140
25,142
25,143
25,145
25,146
25,148
25,149
25,151
25,152
25,154
25,155
25,157
25,158
25,160
25,161
25,163
25,164
25,166
25,167
25,169
25,170
25,172
25,173
25,175
25,176
25,178
25,179
25,181
25,182
25,184
25,185
25,187
25,188
25,190
25,191
25,193
25,194
25,196
25,197
25,199
25,200
25,202
25,203
25,205
25,206
25,208
25,209
25,211
25,212
25,214
25,215
25,217
25,218
25,220
25,221
25,223
25,224
26,-17
27,-9
28,-1
29,-22
29,7
30,-15
30,15
31,-8
31,23
32,-1
32,31
33,6
34,13
35,20
36,27
37,34
45,-224
45,-223
45,-222
45,-221
45,-219
45,-218
45,-217
45,-216
45,-214
45,-213
45,-212
45,-211
45,-209
45,-208
45,-207
45,-206
45,-204
45,-203
45,-202
45,-201
45,-199
45,-198
45,-197
45,-196
45,-194
45,-193
45,-192
45,-191
45,-189
45,-188
45,-187
45,-186
45,-184
45,-183
45,-182
45,-181
45,-179
45,-178
45,-177
45,-176
45,-174
45,-173
45,-172
45,-171
45,-169
45,-168
45,-167
45,-166
45,-164
45,-163
45,-162
45,-161
45,-159
45,-158
45,-157
45,-156
45,-154
45,-153
45,-152
45,-151
45,-149
45,-148
45,-147
45,-146
45,-144
45,-143
45,-142
45,-141
45,-139
45,-138
45,-137
45,-136
45,-134
45,-133
45,-132
45,-131
45,-129
45,-128
45,-127
45,-126
45,-124
45,-123
45,-122
45,-121
45,-119
45,-118
45,-117
45,-116
45,-114
45,-113
45,-112
45,-111
45,-109
45,-108
45,-107
45,-106
45,-104
45,-103
45,-102
45,-101
45,-99
45,-98
45,-97
45,-96
45,-94
45,-93
45,-92
45,-91
45,-89
45,-88
45,-87
45,-86
45,-84
45,-83
45,-82
45,-81
45,-79
45,-78
45,-77
45,-76
45,-74
45,-73
45,-72
45,-71
45,-69
45,-68
45,-67
45,-66
45,-64
45,-63
45,-62
45,-61
45,-59
45,-58
45,-57
45,-56
45,-54
45,-53
45,-52
45,-51
45,-49
45,-48
45,-47
45,-46
45,-44
45,-43
45,-42
45,-41
45,-39
45,-38
45,-37
45,-36
45,-34
45,-33
45,-32
45,-31
45,-29
45,-28
45,-27
45,-26
45,-24
45,-23
45,-22
45,-21
45,-19
45,-18
45,-17
45,-16
45,-14
45,-13
45,-12
45,-11
45,-9
45,-8
45,-7
45,-6
45,-4
45,-3
45,-2
45,-1
45,1
45,2
45,3
45,4
45,6
45,7
45,8
45,9
45,11
45,12
45,13
45,14
45,16
45,17
45,18
45,19
45,21
45,22
45,23
45,24
45,26
45,27
45,28
45,29
45,31
45,32
45,33
45,34
45,36
45,37
45,38
45,39
45,41
45,42
45,43
45,44
45,46
45,47
45,48
45,49
45,51
45,52
45,53
45,54
45,56
45,57
45,58
45,59
45,61
45,62
45,63
45,64
45,66
45,67
45,68
45,69
45,71
45,72
45,73
45,74
45,76
45,77
45,78
45,79
45,81
45,82
45,83
45,84
45,86
45,87
45,88
45,89
45,91
45,92
45,93
45,94
45,96
45,97
45,98
45,99
45,101
45,102
45,103
45,104
45,106
45,107
45,108
45,109
45,111
45,112
45,113
45,114
45,116
45,117
45,118
45,119
45,121
45,122
45,123
45,124
45,126
45,127
45,128
45,129
45,131
45,132
45,133
45,134
45,136
45,137
45,138
45,139
45,141
45,142
45,143
45,144
45,146
45,147
45,148
45,149
45,151
45,152
45,153
45,154
45,156
45,157
45,158
45,159
45,161
45,162
45,163
45,164
45,166
45,167
45,168
45,169
45,171
45,172
45,173
45,174
45,176
45,177
45,178
45,179
45,181
45,182
45,183
45,184
45,186
45,187
45,188
45,189
45,191
45,192
45,193
45,194
45,196
45,197
45,198
45,199
45,201
45,202
45,203
45,204
45,206
45,207
45,208
45,209
45,211
45,212
45,213
45,214
45,216
45,217
45,218
45,219
45,221
45,222
45,223
45,224
46,-41
47,-37
48,-33
49,-29
50,-25
51,-21
52,-17
53,-13
54,-9
55,-5
56,-1
57,3
58,7
59,11
60,15
61,19
62,23
63,27
64,31
65,35
66,39
67,43
68,47
69,51
70,55
71,59
72,63
73,67
74,71
75,-224
75,-223
75,-221
75,-220
75,-218
75,-217
75,-215
75,-214
75,-212
75,-211
75,-209
75,-208
75,-206
75,-205
75,-203
75,-202
75,-200
75,-199
75,-197
75,-196
75,-194
75,-193
75,-191
75,-190
75,-188
75,-187
75,-185
75,-184
75,-182
75,-181
75,-179
75,-178
75,-176
75,-175
75,-173
75,-172
75,-170
75,-169
75,-167
75,-166
75,-164
75,-163
75,-161
75,-160
75,-158
75,-157
75,-155
75,-154
75,-152
75,-151
75,-149
75,-148
75,-146
75,-145
75,-143
75,-142
75,-140
75,-139
75,-137
75,-136
75,-134
75,-133
75,-131
75,-130
75,-128
75,-127
75,-125
75,-124
75,-122
75,-121
75,-119
75,-118
75,-116
75,-115
75,-113
75,-112
75,-110
75,-109
75,-107
75,-106
75,-104
75,-103
75,-101
75,-100
75,-98
75,-97
75,-95
75,-94
75,-92
75,-91
75,-89
75,-88
75,-86
75,-85
75,-83
75,-82
75,-80
75,-79
75,-77
75,-76
75,-74
75,-73
75,-71
75,-70
75,-68
75,-67
75,-65
75,-64
75,-62
75,-61
75,-59
75,-58
75,-56
75,-55
75,-53
75,-52
75,-50
75,-49
75,-47
75,-46
75,-44
75,-43
75,-41
75,-40
75,-38
75,-37
75,-35
75,-34
75,-32
75,-31
75,-29
75,-28
75,-26
75,-25
75,-23
75,-22
75,-20
75,-19
75,-17
75,-16
75,-14
75,-13
75,-11
75,-10
75,-8
75,-7
75,-5
75,-4
75,-2
75,-1
75,1
75,2
75,4
75,5
75,7
75,8
75,10
75,11
75,13
75,14
75,16
75,17
75,19
75,20
75,22
75,23
75,25
75,26
75,28
75,29
75,31
75,32
75,34
75,35
75,37
75,38
75,40
75,41
75,43
75,44
75,46
75,47
75,49
75,50
75,52
75,53
75,55
75,56
75,58
75,59
75,61
75,62
75,64
75,65
75,67
75,68
75,70
75,71
75,73
75,74
75,76
75,77
75,79
75,80
75,82
75,83
75,85
75,86
75,88
75,89
75,91
75,92
75,94
75,95
75,97
75,98
75,100
75,101
75,103
75,104
75,106
75,107
75,109
75,110
75,112
75,113
75,115
75,116
75,118
75,119
75,121
75,122
75,124
75,125
75,127
75,128
75,130
75,131
75,133
75,134
75,136
75,137
75,139
75,140
75,142
75,143
75,145
75,146
75,148
75,149
75,151
75,152
75,154
75,155
75,157
75,158
75,160
75,161
75,163
75,164
75,166
75,167
75,169
75,170
75,172
75,173
75,175
75,176
75,178
75,179
75,181
75,182
75,184
75,185
75,187
75,188
75,190
75,191
75,193
75,194
75,196
75,197
75,199
75,200
75,202
75,203
75,205
75,206
75,208
75,209
75,211
75,212
75,214
75,215
75,217
75,218
75,220
75,221
75,223
75,224
76,-73
77,-71
78,-69
79,-67
80,-65
81,-63
82,-61
83,-59
84,-57
85,-55
86,-53
87,-51
88,-49
89,-47
90,-45
91,-43
92,-41
93,-39
94,-37
95,-35
96,-33
97,-31
98,-29
99,-27
100,-25
101,-23
102,-21
103,-19
104,-17
105,-15
106,-13
107,-11
108,-9
109,-7
110,-5
111,-3
112,-1
113,-112
113,1
114,-111
114,3
115,-110
115,5
116,-109
116,7
117,-108
117,9
118,-107
118,11
119,-106
119,13
120,-105
120,15
121,-104
121,17
122,-103
122,19
123,-102
123,21
124,-101
124,23
125,-100
125,25
126,-99
126,27
127,-98
127,29
128,-97
128,31
129,-96
129,33
130,-95
130,35
131,-94
131,37
132,-93
132,39
133,-92
133,41
134,-91
134,43
135,-90
135,45
136,-89
136,47
137,-88
137,49
138,-87
138,51
139,-86
139,53
140,-85
140,55
141,-84
141,57
142,-83
142,59
143,-82
143,61
144,-81
144,63
145,-80
145,65
146,-79
146,67
147,-78
147,69
148,-77
148,71
149,-76
149,73
150,-75
150,75
151,-74
151,77
152,-73
152,79
153,-72
153,81
154,-71
154,83
155,-70
155,85
156,-69
156,87
157,-68
157,89
158,-67
158,91
159,-66
159,93
160,-65
160,95
161,-64
161,97
162,-63
162,99
163,-62
163,101
164,-61
164,103
165,-60
165,105
166,-59
166,107
167,-58
167,109
168,-57
168,111
169,-56
169,113
170,-55
170,115
171,-54
171,117
172,-53
172,119
173,-52
173,121
174,-51
174,123
175,-50
175,125
176,-49
176,127
177,-48
177,129
178,-47
178,131
179,-46
179,133
180,-45
180,135
181,-44
181,137
182,-43
182,139
183,-42
183,141
184,-41
184,143
185,-40
185,145
186,-39
186,147
187,-38
187,149
188,-37
188,151
189,-36
189,153
190,-35
190,155
191,-34
191,157
192,-33
192,159
193,-32
193,161
194,-31
194,163
195,-30
195,165
196,-29
196,167
197,-28
197,169
198,-27
198,171
199,-26
199,173
200,-25
200,175
201,-24
201,177
202,-23
202,179
203,-22
203,181
204,-21
204,183
205,-20
205,185
206,-19
206,187
207,-18
207,189
208,-17
208,191
209,-16
209,193
210,-15
210,195
211,-14
211,197
212,-13
212,199
213,-12
213,201
214,-11
214,203
215,-10
215,205
216,-9
216,207
217,-8
217,209
218,-7
218,211
219,-6
219,213
220,-5
220,215
221,-4
221,217
222,-3
222,219
223,-2
223,221
224,-1
224,223
