-224,-224
-224,-223
-224,-222
-224,-221
-224,-220
-224,-219
-224,-218
-224,-217
-224,-216
-224,-215
-224,-8
-224,-7
-224,-6
-224,-5
-224,-4
-224,-3
-224,-2
-224,-1
-224,1
-224,2
-224,3
-224,4
-224,5
-224,6
-224,7
-224,8
-224,9
-224,216
-224,217
-224,218
-224,219
-224,220
-224,221
-224,222
-224,223
-223,1
-223,2
-223,3
-223,4
-223,5
-223,6
-223,7
-223,8
-223,215
-223,216
-223,217
-223,218
-223,219
-223,220
-223,221
-223,222
-223,223
-222,1
-222,2
-222,3
-222,4
-222,5
-222,6
-222,7
-222,215
-222,216
-222,217
-222,218
-222,219
-222,220
-222,221
-222,222
-222,223
-221,1
-221,2
-221,3
-221,4
-221,5
-221,6
-221,215
-221,216
-221,217
-221,218
-221,219
-221,220
-221,221
-221,222
-221,223
-220,1
-220,2
-220,3
-220,4
-220,5
-220,215
-220,216
-220,217
-220,218
-220,219
-220,220
-220,221
-220,222
-220,223
-219,1
-219,2
-219,3
-219,4
-219,215
-219,216
-219,217
-219,218
-219,219
-219,220
-219,221
-219,222
-219,223
-218,1
-218,2
-218,3
-218,214
-218,215
-218,216
-218,217
-218,218
-218,219
-218,220
-218,221
-218,222
-218,223
-217,1
-217,2
-217,214
-217,215
-217,216
-217,217
-217,218
-217,219
-217,220
-217,221
-217,222
-217,223
-216,1
-216,214
-216,215
-216,216
-216,217
-216,218
-216,219
-216,220
-216,221
-216,222
-216,223
-215,214
-215,215
-215,216
-215,217
-215,218
-215,219
-215,220
-215,221
-215,222
-215,223
-214,214
-214,215
-214,216
-214,217
-214,218
-214,219
-214,220
-214,221
-214,222
-214,223
-213,213
-213,215
-213,216
-213,217
-213,219
-213,220
-213,221
-213,222
-212,212
-212,215
-212,216
-212,218
-212,219
-212,220
-212,221
-211,211
-211,215
-211,218
-211,219
-211,220
-210,210
-210,217
-210,218
-210,219
-209,209
-209,217
-209,218
-208,208
-208,216
-208,217
-207,207
-207,216
-206,206
-206,215
-205,205
-204,204
-203,203
-202,202
-201,201
-200,200
-199,199
-198,198
-197,197
-196,196
-195,195
-194,194
-193,193
-192,192
-191,191
-190,190
-189,189
-188,188
-187,187
-186,186
-185,185
-184,184
-183,183
-182,182
-181,181
-180,180
-179,179
-178,178
-177,177
-176,176
-175,175
-174,174
-173,173
-172,172
-171,171
-170,170
-169,169
-168,168
-167,167
-166,166
-165,165
-164,164
-163,163
-162,162
-161,161
-160,160
-159,159
-158,158
-157,157
-156,156
-155,155
-154,154
-153,153
-152,152
-151,151
-150,150
-149,149
-148,148
-147,147
-146,146
-145,145
-144,144
-143,143
-142,142
-141,141
-140,140
-139,139
-138,138
-137,137
-136,136
-135,135
-134,134
-133,133
-132,132
-131,131
-130,130
-129,129
-128,128
-127,127
-126,126
-125,125
-124,124
-123,123
-122,122
-121,121
-120,120
-119,119
-118,118
-117,117
-116,116
-115,115
-114,114
-113,113
-112,-223
-112,-221
-112,-111
-112,-109
-112,1
-112,3
-112,113
-112,115
-111,-115
-111,1
-111,3
-111,111
-111,223
-110,-118
-110,1
-110,223
-109,-121
-109,1
-109,109
-109,221
-109,223
-108,-124
-108,221
-108,223
-107,-127
-107,107
-107,219
-107,221
-107,223
-106,-130
-106,219
-106,221
-105,-133
-105,219
-104,-136
-103,-139
-102,-142
-101,-145
-100,-148
-99,-151
-98,-154
-97,-157
-96,-160
-95,-163
-94,-166
-93,-169
-92,-172
-91,-175
-90,-178
-89,-181
-88,-184
-87,-187
-86,-190
-85,-193
-84,-196
-83,-199
-82,-202
-81,-205
-80,-208
-79,-211
-78,-214
-77,-217
-76,-220
-75,-223
-74,1
-74,2
-74,222
-74,223
-73,1
-73,219
-73,222
-73,223
-72,216
-72,222
-72,223
-71,213
-71,222
-70,210
-69,207
-68,204
-67,201
-66,198
-65,195
-64,192
-63,189
-62,186
-61,183
-60,180
-59,177
-58,174
-57,171
-56,-223
-56,-167
-56,-111
-56,-55
-56,1
-56,57
-56,113
-56,169
-55,-173
-55,1
-55,223
-54,-178
-54,223
-53,-183
-53,221
-52,-188
-51,-193
-50,-198
-49,-203
-48,-208
-47,-213
-46,-218
-45,-223
-44,1
-44,220
-44,222
-44,223
-43,215
-43,222
-43,223
-42,210
-41,205
-40,200
-39,195
-38,190
-37,1
-37,111
-37,223
-36,223
-32,-223
-32,-192
-32,-191
-32,-160
-32,-159
-32,-128
-32,-127
-32,-96
-32,-95
-32,-64
-32,-32
-32,-31
-32,1
-32,32
-32,33
-32,64
-32,65
-32,96
-32,97
-32,128
-32,129
-32,160
-32,192
-32,193
-31,223
-28,-223
-28,-195
-28,-167
-28,-139
-28,-111
-28,-83
-28,-55
-28,-27
-28,1
-28,29
-28,57
-28,85
-28,113
-28,141
-28,169
-28,197
-27,-205
-27,223
-26,-214
-25,-223
-24,216
-24,223
-23,207
-22,-206
-22,223
-21,-217
-20,220
-20,223
-19,209
-18,-214
-18,223
-17,221
-17,223
-15,-223
-13,221
-13,223
-12,-220
-12,223
-11,223
-10,-218
-10,223
-9,-223
-9,223
-7,-217
-7,-203
-7,-189
-7,-175
-7,-161
-7,-147
-7,-133
-7,-119
-7,-105
-7,-91
-7,-77
-7,-63
-7,-49
-7,-35
-7,-21
-7,-7
-7,7
-7,21
-7,35
-7,49
-7,63
-7,77
-7,91
-7,105
-7,119
-7,133
-7,147
-7,161
-7,175
-7,189
-7,203
-7,217
-6,222
-6,223
-5,-223
-5,223
-3,-223
-3,111
-3,223
-1,-223
-1,-221
-1,-219
-1,-215
-1,-213
-1,-211
-1,-209
-1,-207
-1,-205
-1,-201
-1,-199
-1,-197
-1,-195
-1,-193
-1,-191
-1,-187
-1,-185
-1,-183
-1,-181
-1,-179
-1,-177
-1,-173
-1,-171
-1,-169
-1,-167
-1,-165
-1,-163
-1,-159
-1,-157
-1,-155
-1,-153
-1,-151
-1,-149
-1,-145
-1,-143
-1,-141
-1,-139
-1,-137
-1,-135
-1,-131
-1,-129
-1,-127
-1,-125
-1,-123
-1,-121
-1,-117
-1,-115
-1,-113
-1,-111
-1,-109
-1,-107
-1,-103
-1,-101
-1,-99
-1,-97
-1,-95
-1,-93
-1,-89
-1,-87
-1,-85
-1,-83
-1,-81
-1,-79
-1,-75
-1,-73
-1,-71
-1,-69
-1,-67
-1,-65
-1,-61
-1,-59
-1,-57
-1,-55
-1,-53
-1,-51
-1,-47
-1,-45
-1,-43
-1,-41
-1,-39
-1,-37
-1,-33
-1,-31
-1,-29
-1,-27
-1,-25
-1,-23
-1,-19
-1,-17
-1,-15
-1,-13
-1,-11
-1,-9
-1,-5
-1,-3
-1,-1
-1,1
-1,3
-1,5
-1,9
-1,11
-1,13
-1,15
-1,17
-1,19
-1,23
-1,25
-1,27
-1,29
-1,31
-1,33
-1,37
-1,39
-1,41
-1,43
-1,45
-1,47
-1,51
-1,53
-1,55
-1,57
-1,59
-1,61
-1,65
-1,67
-1,69
-1,71
-1,73
-1,75
-1,79
-1,81
-1,83
-1,85
-1,87
-1,89
-1,93
-1,95
-1,97
-1,99
-1,101
-1,103
-1,107
-1,109
-1,111
-1,113
-1,115
-1,117
-1,121
-1,123
-1,125
-1,127
-1,129
-1,131
-1,135
-1,137
-1,139
-1,141
-1,143
-1,145
-1,149
-1,151
-1,153
-1,155
-1,157
-1,159
-1,163
-1,165
-1,167
-1,169
-1,171
-1,173
-1,177
-1,179
-1,181
-1,183
-1,185
-1,187
-1,191
-1,193
-1,195
-1,197
-1,199
-1,201
-1,205
-1,207
-1,209
-1,211
-1,213
-1,215
-1,219
-1,221
-1,223
1,-223
1,-221
1,-219
1,-215
1,-213
1,-211
1,-209
1,-207
1,-205
1,-201
1,-199
1,-197
1,-195
1,-193
1,-191
1,-187
1,-185
1,-183
1,-181
1,-179
1,-177
1,-173
1,-171
1,-169
1,-167
1,-165
1,-163
1,-159
1,-157
1,-155
1,-153
1,-151
1,-149
1,-145
1,-143
1,-141
1,-139
1,-137
1,-135
1,-131
1,-129
1,-127
1,-125
1,-123
1,-121
1,-117
1,-115
1,-113
1,-111
1,-109
1,-107
1,-103
1,-101
1,-99
1,-97
1,-95
1,-93
1,-89
1,-87
1,-85
1,-83
1,-81
1,-79
1,-75
1,-73
1,-71
1,-69
1,-67
1,-65
1,-61
1,-59
1,-57
1,-55
1,-53
1,-51
1,-47
1,-45
1,-43
1,-41
1,-39
1,-37
1,-33
1,-31
1,-29
1,-27
1,-25
1,-23
1,-19
1,-17
1,-15
1,-13
1,-11
1,-9
1,-5
1,-3
1,-1
1,1
1,3
1,5
1,9
1,11
1,13
1,15
1,17
1,19
1,23
1,25
1,27
1,29
1,31
1,33
1,37
1,39
1,41
1,43
1,45
1,47
1,51
1,53
1,55
1,57
1,59
1,61
1,65
1,67
1,69
1,71
1,73
1,75
1,79
1,81
1,83
1,85
1,87
1,89
1,93
1,95
1,97
1,99
1,101
1,103
1,107
1,109
1,111
1,113
1,115
1,117
1,121
1,123
1,125
1,127
1,129
1,131
1,135
1,137
1,139
1,141
1,143
1,145
1,149
1,151
1,153
1,155
1,157
1,159
1,163
1,165
1,167
1,169
1,171
1,173
1,177
1,179
1,181
1,183
1,185
1,187
1,191
1,193
1,195
1,197
1,199
1,201
1,205
1,207
1,209
1,211
1,213
1,215
1,219
1,221
1,223
2,-223
2,-221
2,-219
2,-215
2,-213
2,-211
2,-209
2,-207
2,-205
2,-201
2,-199
2,-197
2,-195
2,-193
2,-191
2,-187
2,-185
2,-183
2,-181
2,-179
2,-177
2,-173
2,-171
2,-169
2,-167
2,-165
2,-163
2,-159
2,-157
2,-155
2,-153
2,-151
2,-149
2,-145
2,-143
2,-141
2,-139
2,-137
2,-135
2,-131
2,-129
2,-127
2,-125
2,-123
2,-121
2,-117
2,-115
2,-113
2,-111
2,-109
2,-107
2,-103
2,-101
2,-99
2,-97
2,-95
2,-93
2,-89
2,-87
2,-85
2,-83
2,-81
2,-79
2,-75
2,-73
2,-71
2,-69
2,-67
2,-65
2,-61
2,-59
2,-57
2,-55
2,-53
2,-51
2,-47
2,-45
2,-43
2,-41
2,-39
2,-37
2,-33
2,-31
2,-29
2,-27
2,-25
2,-23
2,-19
2,-17
2,-15
2,-13
2,-11
2,-9
2,-5
2,-3
2,-1
2,1
2,3
2,5
2,9
2,11
2,13
2,15
2,17
2,19
2,23
2,25
2,27
2,29
2,31
2,33
2,37
2,39
2,41
2,43
2,45
2,47
2,51
2,53
2,55
2,57
2,59
2,61
2,65
2,67
2,69
2,71
2,73
2,75
2,79
2,81
2,83
2,85
2,87
2,89
2,93
2,95
2,97
2,99
2,101
2,103
2,107
2,109
2,111
2,113
2,115
2,117
2,121
2,123
2,125
2,127
2,129
2,131
2,135
2,137
2,139
2,141
2,143
2,145
2,149
2,151
2,153
2,155
2,157
2,159
2,163
2,165
2,167
2,169
2,171
2,173
2,177
2,179
2,181
2,183
2,185
2,187
2,191
2,193
2,195
2,197
2,199
2,201
2,205
2,207
2,209
2,211
2,213
2,215
2,219
2,221
2,223
3,-223
3,1
4,-223
4,-221
4,-219
4,-215
4,-213
4,-211
4,-209
4,-207
4,-205
4,-201
4,-199
4,-197
4,-195
4,-193
4,-191
4,-187
4,-185
4,-183
4,-181
4,-179
4,-177
4,-173
4,-171
4,-169
4,-167
4,-165
4,-163
4,-159
4,-157
4,-155
4,-153
4,-151
4,-149
4,-145
4,-143
4,-141
4,-139
4,-137
4,-135
4,-131
4,-129
4,-127
4,-125
4,-123
4,-121
4,-117
4,-115
4,-113
4,-111
4,-109
4,-107
4,-103
4,-101
4,-99
4,-97
4,-95
4,-93
4,-89
4,-87
4,-85
4,-83
4,-81
4,-79
4,-75
4,-73
4,-71
4,-69
4,-67
4,-65
4,-61
4,-59
4,-57
4,-55
4,-53
4,-51
4,-47
4,-45
4,-43
4,-41
4,-39
4,-37
4,-33
4,-31
4,-29
4,-27
4,-25
4,-23
4,-19
4,-17
4,-15
4,-13
4,-11
4,-9
4,-5
4,-3
4,-1
4,1
4,3
4,5
4,9
4,11
4,13
4,15
4,17
4,19
4,23
4,25
4,27
4,29
4,31
4,33
4,37
4,39
4,41
4,43
4,45
4,47
4,51
4,53
4,55
4,57
4,59
4,61
4,65
4,67
4,69
4,71
4,73
4,75
4,79
4,81
4,83
4,85
4,87
4,89
4,93
4,95
4,97
4,99
4,101
4,103
4,107
4,109
4,111
4,113
4,115
4,117
4,121
4,123
4,125
4,127
4,129
4,131
4,135
4,137
4,139
4,141
4,143
4,145
4,149
4,151
4,153
4,155
4,157
4,159
4,163
4,165
4,167
4,169
4,171
4,173
4,177
4,179
4,181
4,183
4,185
4,187
4,191
4,193
4,195
4,197
4,199
4,201
4,205
4,207
4,209
4,211
4,213
4,215
4,219
4,221
4,223
5,-223
5,1
6,-223
6,-2
7,-223
7,-221
7,-219
7,-217
7,-215
7,-213
7,-211
7,-209
7,-207
7,-205
7,-203
7,-201
7,-199
7,-197
7,-195
7,-193
7,-191
7,-189
7,-187
7,-185
7,-183
7,-181
7,-179
7,-177
7,-175
7,-173
7,-171
7,-169
7,-167
7,-165
7,-163
7,-161
7,-159
7,-157
7,-155
7,-153
7,-151
7,-149
7,-147
7,-145
7,-143
7,-141
7,-139
7,-137
7,-135
7,-133
7,-131
7,-129
7,-127
7,-125
7,-123
7,-121
7,-119
7,-117
7,-115
7,-113
7,-111
7,-109
7,-107
7,-105
7,-103
7,-101
7,-99
7,-97
7,-95
7,-93
7,-91
7,-89
7,-87
7,-85
7,-83
7,-81
7,-79
7,-77
7,-75
7,-73
7,-71
7,-69
7,-67
7,-65
7,-63
7,-61
7,-59
7,-57
7,-55
7,-53
7,-51
7,-49
7,-47
7,-45
7,-43
7,-41
7,-39
7,-37
7,-35
7,-33
7,-31
7,-29
7,-27
7,-25
7,-23
7,-21
7,-19
7,-17
7,-15
7,-13
7,-11
7,-9
7,-7
7,-5
7,-3
7,-1
7,1
7,3
7,5
7,7
7,9
7,11
7,13
7,15
7,17
7,19
7,21
7,23
7,25
7,27
7,29
7,31
7,33
7,35
7,37
7,39
7,41
7,43
7,45
7,47
7,49
7,51
7,53
7,55
7,57
7,59
7,61
7,63
7,65
7,67
7,69
7,71
7,73
7,75
7,77
7,79
7,81
7,83
7,85
7,87
7,89
7,91
7,93
7,95
7,97
7,99
7,101
7,103
7,105
7,107
7,109
7,111
7,113
7,115
7,117
7,119
7,121
7,123
7,125
7,127
7,129
7,131
7,133
7,135
7,137
7,139
7,141
7,143
7,145
7,147
7,149
7,151
7,153
7,155
7,157
7,159
7,161
7,163
7,165
7,167
7,169
7,171
7,173
7,175
7,177
7,179
7,181
7,183
7,185
7,187
7,189
7,191
7,193
7,195
7,197
7,199
7,201
7,203
7,205
7,207
7,209
7,211
7,213
7,215
7,217
7,219
7,221
7,223
8,-223
8,-221
8,-219
8,-215
8,-213
8,-211
8,-209
8,-207
8,-205
8,-201
8,-199
8,-197
8,-195
8,-193
8,-191
8,-187
8,-185
8,-183
8,-181
8,-179
8,-177
8,-173
8,-171
8,-169
8,-167
8,-165
8,-163
8,-159
8,-157
8,-155
8,-153
8,-151
8,-149
8,-145
8,-143
8,-141
8,-139
8,-137
8,-135
8,-131
8,-129
8,-127
8,-125
8,-123
8,-121
8,-117
8,-115
8,-113
8,-111
8,-109
8,-107
8,-103
8,-101
8,-99
8,-97
8,-95
8,-93
8,-89
8,-87
8,-85
8,-83
8,-81
8,-79
8,-75
8,-73
8,-71
8,-69
8,-67
8,-65
8,-61
8,-59
8,-57
8,-55
8,-53
8,-51
8,-47
8,-45
8,-43
8,-41
8,-39
8,-37
8,-33
8,-31
8,-29
8,-27
8,-25
8,-23
8,-19
8,-17
8,-15
8,-13
8,-11
8,-9
8,-5
8,-3
8,-1
8,1
8,3
8,5
8,9
8,11
8,13
8,15
8,17
8,19
8,23
8,25
8,27
8,29
8,31
8,33
8,37
8,39
8,41
8,43
8,45
8,47
8,51
8,53
8,55
8,57
8,59
8,61
8,65
8,67
8,69
8,71
8,73
8,75
8,79
8,81
8,83
8,85
8,87
8,89
8,93
8,95
8,97
8,99
8,101
8,103
8,107
8,109
8,111
8,113
8,115
8,117
8,121
8,123
8,125
8,127
8,129
8,131
8,135
8,137
8,139
8,141
8,143
8,145
8,149
8,151
8,153
8,155
8,157
8,159
8,163
8,165
8,167
8,169
8,171
8,173
8,177
8,179
8,181
8,183
8,185
8,187
8,191
8,193
8,195
8,197
8,199
8,201
8,205
8,207
8,209
8,211
8,213
8,215
8,219
8,221
8,223
9,-223
9,1
10,-223
10,6
11,-223
12,-223
12,4
13,-223
13,-3
14,-223
14,-221
14,-219
14,-217
14,-215
14,-213
14,-211
14,-209
14,-207
14,-205
14,-203
14,-201
14,-199
14,-197
14,-195
14,-193
14,-191
14,-189
14,-187
14,-185
14,-183
14,-181
14,-179
14,-177
14,-175
14,-173
14,-171
14,-169
14,-167
14,-165
14,-163
14,-161
14,-159
14,-157
14,-155
14,-153
14,-151
14,-149
14,-147
14,-145
14,-143
14,-141
14,-139
14,-137
14,-135
14,-133
14,-131
14,-129
14,-127
14,-125
14,-123
14,-121
14,-119
14,-117
14,-115
14,-113
14,-111
14,-109
14,-107
14,-105
14,-103
14,-101
14,-99
14,-97
14,-95
14,-93
14,-91
14,-89
14,-87
14,-85
14,-83
14,-81
14,-79
14,-77
14,-75
14,-73
14,-71
14,-69
14,-67
14,-65
14,-63
14,-61
14,-59
14,-57
14,-55
14,-53
14,-51
14,-49
14,-47
14,-45
14,-43
14,-41
14,-39
14,-37
14,-35
14,-33
14,-31
14,-29
14,-27
14,-25
14,-23
14,-21
14,-19
14,-17
14,-15
14,-13
14,-11
14,-9
14,-7
14,-5
14,-3
14,-1
14,1
14,3
14,5
14,7
14,9
14,11
14,13
14,15
14,17
14,19
14,21
14,23
14,25
14,27
14,29
14,31
14,33
14,35
14,37
14,39
14,41
14,43
14,45
14,47
14,49
14,51
14,53
14,55
14,57
14,59
14,61
14,63
14,65
14,67
14,69
14,71
14,73
14,75
14,77
14,79
14,81
14,83
14,85
14,87
14,89
14,91
14,93
14,95
14,97
14,99
14,101
14,103
14,105
14,107
14,109
14,111
14,113
14,115
14,117
14,119
14,121
14,123
14,125
14,127
14,129
14,131
14,133
14,135
14,137
14,139
14,141
14,143
14,145
14,147
14,149
14,151
14,153
14,155
14,157
14,159
14,161
14,163
14,165
14,167
14,169
14,171
14,173
14,175
14,177
14,179
14,181
14,183
14,185
14,187
14,189
14,191
14,193
14,195
14,197
14,199
14,201
14,203
14,205
14,207
14,209
14,211
14,213
14,215
14,217
14,219
14,221
14,223
15,1
16,-223
16,-221
16,-219
16,-215
16,-213
16,-211
16,-209
16,-207
16,-205
16,-201
16,-199
16,-197
16,-195
16,-193
16,-191
16,-187
16,-185
16,-183
16,-181
16,-179
16,-177
16,-173
16,-171
16,-169
16,-167
16,-165
16,-163
16,-159
16,-157
16,-155
16,-153
16,-151
16,-149
16,-145
16,-143
16,-141
16,-139
16,-137
16,-135
16,-131
16,-129
16,-127
16,-125
16,-123
16,-121
16,-117
16,-115
16,-113
16,-111
16,-109
16,-107
16,-103
16,-101
16,-99
16,-97
16,-95
16,-93
16,-89
16,-87
16,-85
16,-83
16,-81
16,-79
16,-75
16,-73
16,-71
16,-69
16,-67
16,-65
16,-61
16,-59
16,-57
16,-55
16,-53
16,-51
16,-47
16,-45
16,-43
16,-41
16,-39
16,-37
16,-33
16,-31
16,-29
16,-27
16,-25
16,-23
16,-19
16,-17
16,-15
16,-13
16,-11
16,-9
16,-5
16,-3
16,-1
16,1
16,3
16,5
16,9
16,11
16,13
16,15
16,17
16,19
16,23
16,25
16,27
16,29
16,31
16,33
16,37
16,39
16,41
16,43
16,45
16,47
16,51
16,53
16,55
16,57
16,59
16,61
16,65
16,67
16,69
16,71
16,73
16,75
16,79
16,81
16,83
16,85
16,87
16,89
16,93
16,95
16,97
16,99
16,101
16,103
16,107
16,109
16,111
16,113
16,115
16,117
16,121
16,123
16,125
16,127
16,129
16,131
16,135
16,137
16,139
16,141
16,143
16,145
16,149
16,151
16,153
16,155
16,157
16,159
16,163
16,165
16,167
16,169
16,171
16,173
16,177
16,179
16,181
16,183
16,185
16,187
16,191
16,193
16,195
16,197
16,199
16,201
16,205
16,207
16,209
16,211
16,213
16,215
16,219
16,221
16,223
17,-223
17,-3
18,-223
18,10
19,-15
20,-223
20,-4
21,7
22,-223
22,18
23,-17
24,-223
24,-8
25,1
26,10
27,-223
27,19
28,-223
28,-221
28,-219
28,-217
28,-215
28,-213
28,-211
28,-209
28,-207
28,-205
28,-203
28,-201
28,-199
28,-197
28,-195
28,-193
28,-191
28,-189
28,-187
28,-185
28,-183
28,-181
28,-179
28,-177
28,-175
28,-173
28,-171
28,-169
28,-167
28,-165
28,-163
28,-161
28,-159
28,-157
28,-155
28,-153
28,-151
28,-149
28,-147
28,-145
28,-143
28,-141
28,-139
28,-137
28,-135
28,-133
28,-131
28,-129
28,-127
28,-125
28,-123
28,-121
28,-119
28,-117
28,-115
28,-113
28,-111
28,-109
28,-107
28,-105
28,-103
28,-101
28,-99
28,-97
28,-95
28,-93
28,-91
28,-89
28,-87
28,-85
28,-83
28,-81
28,-79
28,-77
28,-75
28,-73
28,-71
28,-69
28,-67
28,-65
28,-63
28,-61
28,-59
28,-57
28,-55
28,-53
28,-51
28,-49
28,-47
28,-45
28,-43
28,-41
28,-39
28,-37
28,-35
28,-33
28,-31
28,-29
28,-27
28,-25
28,-23
28,-21
28,-19
28,-17
28,-15
28,-13
28,-11
28,-9
28,-7
28,-5
28,-3
28,-1
28,1
28,3
28,5
28,7
28,9
28,11
28,13
28,15
28,17
28,19
28,21
28,23
28,25
28,27
28,29
28,31
28,33
28,35
28,37
28,39
28,41
28,43
28,45
28,47
28,49
28,51
28,53
28,55
28,57
28,59
28,61
28,63
28,65
28,67
28,69
28,71
28,73
28,75
28,77
28,79
28,81
28,83
28,85
28,87
28,89
28,91
28,93
28,95
28,97
28,99
28,101
28,103
28,105
28,107
28,109
28,111
28,113
28,115
28,117
28,119
28,121
28,123
28,125
28,127
28,129
28,131
28,133
28,135
28,137
28,139
28,141
28,143
28,145
28,147
28,149
28,151
28,153
28,155
28,157
28,159
28,161
28,163
28,165
28,167
28,169
28,171
28,173
28,175
28,177
28,179
28,181
28,183
28,185
28,187
28,189
28,191
28,193
28,195
28,197
28,199
28,201
28,203
28,205
28,207
28,209
28,211
28,213
28,215
28,217
28,219
28,221
28,223
31,-223
31,-222
32,-223
32,-222
32,-221
32,-220
32,-219
32,-218
32,-216
32,-215
32,-214
32,-213
32,-212
32,-211
32,-209
32,-208
32,-207
32,-206
32,-205
32,-204
32,-202
32,-201
32,-200
32,-199
32,-198
32,-197
32,-195
32,-194
32,-193
32,-192
32,-191
32,-190
32,-188
32,-187
32,-186
32,-185
32,-184
32,-183
32,-181
32,-180
32,-179
32,-178
32,-177
32,-176
32,-174
32,-173
32,-172
32,-171
32,-170
32,-169
32,-167
32,-166
32,-165
32,-164
32,-163
32,-162
32,-160
32,-159
32,-158
32,-157
32,-156
32,-155
32,-153
32,-152
32,-151
32,-150
32,-149
32,-148
32,-146
32,-145
32,-144
32,-143
32,-142
32,-141
32,-139
32,-138
32,-137
32,-136
32,-135
32,-134
32,-132
32,-131
32,-130
32,-129
32,-128
32,-127
32,-125
32,-124
32,-123
32,-122
32,-121
32,-120
32,-118
32,-117
32,-116
32,-115
32,-114
32,-113
32,-111
32,-110
32,-109
32,-108
32,-107
32,-106
32,-104
32,-103
32,-102
32,-101
32,-100
32,-99
32,-97
32,-96
32,-95
32,-94
32,-93
32,-92
32,-90
32,-89
32,-88
32,-87
32,-86
32,-85
32,-83
32,-82
32,-81
32,-80
32,-79
32,-78
32,-76
32,-75
32,-74
32,-73
32,-72
32,-71
32,-69
32,-68
32,-67
32,-66
32,-65
32,-64
32,-62
32,-61
32,-60
32,-59
32,-58
32,-57
32,-55
32,-54
32,-53
32,-52
32,-51
32,-50
32,-48
32,-47
32,-46
32,-45
32,-44
32,-43
32,-41
32,-40
32,-39
32,-38
32,-37
32,-36
32,-34
32,-33
32,-32
32,-31
32,-30
32,-29
32,-27
32,-26
32,-25
32,-24
32,-23
32,-22
32,-20
32,-19
32,-18
32,-17
32,-16
32,-15
32,-13
32,-12
32,-11
32,-10
32,-9
32,-8
32,-6
32,-5
32,-4
32,-3
32,-2
32,-1
32,1
32,2
32,3
32,4
32,5
32,6
32,8
32,9
32,10
32,11
32,12
32,13
32,15
32,16
32,17
32,18
32,19
32,20
32,22
32,23
32,24
32,25
32,26
32,27
32,29
32,30
32,31
32,32
32,33
32,34
32,36
32,37
32,38
32,39
32,40
32,41
32,43
32,44
32,45
32,46
32,47
32,48
32,50
32,51
32,52
32,53
32,54
32,55
32,57
32,58
32,59
32,60
32,61
32,62
32,64
32,65
32,66
32,67
32,68
32,69
32,71
32,72
32,73
32,74
32,75
32,76
32,78
32,79
32,80
32,81
32,82
32,83
32,85
32,86
32,87
32,88
32,89
32,90
32,92
32,93
32,94
32,95
32,96
32,97
32,99
32,100
32,101
32,102
32,103
32,104
32,106
32,107
32,108
32,109
32,110
32,111
32,113
32,114
32,115
32,116
32,117
32,118
32,120
32,121
32,122
32,123
32,124
32,125
32,127
32,128
32,129
32,130
32,131
32,132
32,134
32,135
32,136
32,137
32,138
32,139
32,141
32,142
32,143
32,144
32,145
32,146
32,148
32,149
32,150
32,151
32,152
32,153
32,155
32,156
32,157
32,158
32,159
32,160
32,162
32,163
32,164
32,165
32,166
32,167
32,169
32,170
32,171
32,172
32,173
32,174
32,176
32,177
32,178
32,179
32,180
32,181
32,183
32,184
32,185
32,186
32,187
32,188
32,190
32,191
32,192
32,193
32,194
32,195
32,197
32,198
32,199
32,200
32,201
32,202
32,204
32,205
32,206
32,207
32,208
32,209
32,211
32,212
32,213
32,214
32,215
32,216
32,218
32,219
32,220
32,221
32,222
32,223
36,-223
37,-223
37,-1
38,-34
39,-29
40,-24
41,-19
42,-14
43,-9
44,-223
44,-222
44,-4
44,-1
45,1
46,6
47,11
48,16
49,21
50,26
51,31
52,36
53,41
54,-223
54,46
55,-223
55,-221
55,-1
55,51
56,-223
56,-221
56,-219
56,-217
56,-215
56,-213
56,-211
56,-209
56,-207
56,-205
56,-203
56,-201
56,-199
56,-197
56,-195
56,-193
56,-191
56,-189
56,-187
56,-185
56,-183
56,-181
56,-179
56,-177
56,-175
56,-173
56,-171
56,-169
56,-167
56,-165
56,-163
56,-161
56,-159
56,-157
56,-155
56,-153
56,-151
56,-149
56,-147
56,-145
56,-143
56,-141
56,-139
56,-137
56,-135
56,-133
56,-131
56,-129
56,-127
56,-125
56,-123
56,-121
56,-119
56,-117
56,-115
56,-113
56,-111
56,-109
56,-107
56,-105
56,-103
56,-101
56,-99
56,-97
56,-95
56,-93
56,-91
56,-89
56,-87
56,-85
56,-83
56,-81
56,-79
56,-77
56,-75
56,-73
56,-71
56,-69
56,-67
56,-65
56,-63
56,-61
56,-59
56,-57
56,-55
56,-53
56,-51
56,-49
56,-47
56,-45
56,-43
56,-41
56,-39
56,-37
56,-35
56,-33
56,-31
56,-29
56,-27
56,-25
56,-23
56,-21
56,-19
56,-17
56,-15
56,-13
56,-11
56,-9
56,-7
56,-5
56,-3
56,-1
56,1
56,3
56,5
56,7
56,9
56,11
56,13
56,15
56,17
56,19
56,21
56,23
56,25
56,27
56,29
56,31
56,33
56,35
56,37
56,39
56,41
56,43
56,45
56,47
56,49
56,51
56,53
56,55
56,57
56,59
56,61
56,63
56,65
56,67
56,69
56,71
56,73
56,75
56,77
56,79
56,81
56,83
56,85
56,87
56,89
56,91
56,93
56,95
56,97
56,99
56,101
56,103
56,105
56,107
56,109
56,111
56,113
56,115
56,117
56,119
56,121
56,123
56,125
56,127
56,129
56,131
56,133
56,135
56,137
56,139
56,141
56,143
56,145
56,147
56,149
56,151
56,153
56,155
56,157
56,159
56,161
56,163
56,165
56,167
56,169
56,171
56,173
56,175
56,177
56,179
56,181
56,183
56,185
56,187
56,189
56,191
56,193
56,195
56,197
56,199
56,201
56,203
56,205
56,207
56,209
56,211
56,213
56,215
56,217
56,219
56,221
56,223
57,-53
58,-50
59,-47
60,-44
61,-41
62,-38
63,-35
64,-32
65,-29
66,-26
67,-23
68,-20
69,-17
70,-14
71,-11
72,-223
72,-8
73,-223
73,-222
73,-220
73,-5
73,-2
73,-1
74,-223
74,-222
74,-220
74,-2
74,-1
75,1
75,4
76,4
77,7
78,10
79,13
80,16
81,19
82,22
83,25
84,28
85,31
86,34
87,37
88,40
89,43
90,46
91,49
92,52
93,55
94,58
95,61
96,64
97,67
98,70
99,73
100,76
101,79
102,82
103,85
104,88
105,91
106,94
107,97
108,-223
108,-1
108,100
109,-223
109,-221
109,-3
109,-1
109,103
110,-223
110,-221
110,-219
110,-1
110,106
111,-223
111,-221
111,-219
111,-217
111,-1
111,109
112,-223
112,-221
112,-219
112,-217
112,-215
112,-213
112,-211
112,-209
112,-207
112,-205
112,-203
112,-201
112,-199
112,-197
112,-195
112,-193
112,-191
112,-189
112,-187
112,-185
112,-183
112,-181
112,-179
112,-177
112,-175
112,-173
112,-171
112,-169
112,-167
112,-165
112,-163
112,-161
112,-159
112,-157
112,-155
112,-153
112,-151
112,-149
112,-147
112,-145
112,-143
112,-141
112,-139
112,-137
112,-135
112,-133
112,-131
112,-129
112,-127
112,-125
112,-123
112,-121
112,-119
112,-117
112,-115
112,-113
112,-111
112,-109
112,-107
112,-105
112,-103
112,-101
112,-99
112,-97
112,-95
112,-93
112,-91
112,-89
112,-87
112,-85
112,-83
112,-81
112,-79
112,-77
112,-75
112,-73
112,-71
112,-69
112,-67
112,-65
112,-63
112,-61
112,-59
112,-57
112,-55
112,-53
112,-51
112,-49
112,-47
112,-45
112,-43
112,-41
112,-39
112,-37
112,-35
112,-33
112,-31
112,-29
112,-27
112,-25
112,-23
112,-21
112,-19
112,-17
112,-15
112,-13
112,-11
112,-9
112,-7
112,-5
112,-3
112,-1
112,1
112,3
112,5
112,7
112,9
112,11
112,13
112,15
112,17
112,19
112,21
112,23
112,25
112,27
112,29
112,31
112,33
112,35
112,37
112,39
112,41
112,43
112,45
112,47
112,49
112,51
112,53
112,55
112,57
112,59
112,61
112,63
112,65
112,67
112,69
112,71
112,73
112,75
112,77
112,79
112,81
112,83
112,85
112,87
112,89
112,91
112,93
112,95
112,97
112,99
112,101
112,103
112,105
112,107
112,109
112,111
112,113
112,115
112,117
112,119
112,121
112,123
112,125
112,127
112,129
112,131
112,133
112,135
112,137
112,139
112,141
112,143
112,145
112,147
112,149
112,151
112,153
112,155
112,157
112,159
112,161
112,163
112,165
112,167
112,169
112,171
112,173
112,175
112,177
112,179
112,181
112,183
112,185
112,187
112,189
112,191
112,193
112,195
112,197
112,199
112,201
112,203
112,205
112,207
112,209
112,211
112,213
112,215
112,217
112,219
112,221
112,223
113,-111
114,-110
115,-109
116,-108
117,-107
118,-106
119,-105
120,-104
121,-103
122,-102
123,-101
124,-100
125,-99
126,-98
127,-97
128,-96
129,-95
130,-94
131,-93
132,-92
133,-91
134,-90
135,-89
136,-88
137,-87
138,-86
139,-85
140,-84
141,-83
142,-82
143,-81
144,-80
145,-79
146,-78
147,-77
148,-76
149,-75
150,-74
151,-73
152,-72
153,-71
154,-70
155,-69
156,-68
157,-67
158,-66
159,-65
160,-64
161,-63
162,-62
163,-61
164,-60
165,-59
166,-58
167,-57
168,-56
169,-55
170,-54
171,-53
172,-52
173,-51
174,-50
175,-49
176,-48
177,-47
178,-46
179,-45
180,-44
181,-43
182,-42
183,-41
184,-40
185,-39
186,-38
187,-37
188,-36
189,-35
190,-34
191,-33
192,-32
193,-31
194,-30
195,-29
196,-28
197,-27
198,-26
199,-25
200,-24
201,-23
202,-22
203,-21
204,-20
205,-19
206,-18
207,-17
208,-16
209,-15
210,-14
211,-13
212,-12
213,-11
214,-10
215,-224
215,-9
215,-8
215,-7
215,-6
215,-5
215,-4
215,-3
215,-2
215,-1
216,-224
216,-223
216,-9
216,-8
216,-7
216,-6
216,-5
216,-4
216,-3
216,-2
216,-1
217,-224
217,-223
217,-222
217,-9
217,-8
217,-7
217,-6
217,-5
217,-4
217,-3
217,-2
217,-1
218,-224
218,-223
218,-222
218,-221
218,-9
218,-8
218,-7
218,-6
218,-5
218,-4
218,-3
218,-2
218,-1
219,-224
219,-223
219,-222
219,-221
219,-220
219,-9
219,-8
219,-7
219,-6
219,-5
219,-4
219,-3
219,-2
219,-1
220,-224
220,-223
220,-222
220,-221
220,-220
220,-219
220,-9
220,-8
220,-7
220,-6
220,-5
220,-4
220,-3
220,-2
220,-1
221,-224
221,-223
221,-222
221,-221
221,-220
221,-219
221,-218
221,-9
221,-8
221,-7
221,-6
221,-5
221,-4
221,-3
221,-2
221,-1
222,-224
222,-223
222,-222
222,-221
222,-220
222,-219
222,-218
222,-217
222,-9
222,-8
222,-7
222,-6
222,-5
222,-4
222,-3
222,-2
222,-1
223,-224
223,-223
223,-222
223,-221
223,-220
223,-219
223,-218
223,-217
223,-216
223,-9
223,-8
223,-7
223,-6
223,-5
223,-4
223,-3
223,-2
223,-1
